日期,访问量,访问人数
2022-04-12,83000,35660
2022-04-11,82734,35531
2022-04-10,82389,35387
2022-04-09,82186,35302
2022-04-08,81993,35209
2022-04-07,81712,35102
2022-04-06,81346,34944
2022-04-05,81089,34829
2022-04-03,80649,34627
2022-04-02,80461,34528
2022-04-01,80137,34411
2022-03-31,79925,34307
2022-03-30,79661,34185
2022-03-29,79361,34051
2022-03-28,79027,33930
2022-03-27,78728,33772
2022-03-26,78514,33696
2022-03-25,78328,33615
2022-03-24,78103,33520
2022-03-23,77847,33404
2022-03-22,77602,33295
2022-03-21,77357,33181
2022-03-20,77026,33033
2022-03-19,76824,32940
2022-03-18,76644,32860
2022-03-17,76374,32753
2022-03-17,76171,32673
2022-03-11,74777,32112
2022-03-09,74234,31868
2022-03-08,73870,31740
2022-03-07,73593,31628
2022-03-06,73331,31508
2022-03-05,73177,31405
2022-03-04,72985,31339
2022-03-03,72773,31235
2022-03-02,72513,31103
2022-03-01,72168,30929
2022-02-28,71917,30809
2022-02-27,71625,30673
2022-02-26,71435,30581
2022-02-25,71212,30411
2022-02-24,71017,30328
2022-02-23,70773,30218
2022-02-22,70500,30123
2022-02-21,70284,30010
2022-02-20,70015,29884
2022-02-19,69884,29821
2022-02-18,69777,29764
2022-02-17,69504,29667
2022-02-16,69237,29556
2022-02-15,68921,29452
2022-02-14,68701,29350
2022-02-13,68432,29259
2022-02-12,68206,29181
2022-02-11,68036,29092
2022-02-10,67763,28999
2022-02-09,67454,28844
2022-02-08,67111,28692
2022-02-07,66881,28608
2022-02-06,66656,28512
2022-02-05,66575,28479
2022-02-04,66501,28441
2022-02-03,66440,28403
2022-02-02,66328,28381
2022-02-01,66234,28320
2022-01-31,66168,28282
2022-01-30,66133,28252
2022-01-29,66049,28204
2022-01-28,65885,28167
2022-01-27,65712,28121
2022-01-26,65488,28062
2022-01-25,65318,27987
2022-01-24,65178,27904
2022-01-23,64856,27767
2022-01-22,64677,27697
2022-01-21,64562,27633
2022-01-20,,
2022-01-19,64066,27456
2022-01-18,63810,27325
2022-01-17,63503,27200
2022-01-17,63234,27113
2022-01-12,62298,26719
2022-01-11,62017,26609
2022-01-10,61661,26470
2022-01-09,61298,26310
2022-01-08,61019,26231
2022-01-07,60888,26170
2022-01-06,60662,26043
2022-01-05,60376,25937
2022-01-04,60091,25825
2022-01-03,59847,25718
2022-01-02,59656,25646
2022-01-01,59535,25583
2021-12-31,59412,25519
2021-12-30,59223,25439
2021-12-29,58902,25318
2021-12-28,58631,25195
2021-12-27,58372,25105
2021-12-26,57978,24936
2021-12-25,57868,24869
2021-12-24,,
2021-12-23,57428,24687
2021-12-22,,
2021-12-21,56810,24426
2021-12-20,56462,24320
2021-12-19,56094,24154
2021-12-18,55951,24072
2021-12-17,55790,24007
2021-12-16,55592,23917
2021-12-15,55371,23830
2021-12-14,55041,23677
2021-12-13,54701,23527
2021-12-12,54192,23334
2021-12-11,,
2021-12-10,53754,23186
2021-12-09,53477,23110
2021-12-08,53152,23003
2021-12-07,52838,22902
2021-12-06,52486,22775
2021-12-05,51878,22596
2021-12-04,51649,22519
2021-12-03,51443,22453
2021-12-02,51210,22355
2021-12-01,50888,22229
2021-11-30,50442,22126
2021-11-29,50055,21983
2021-11-28,49729,21854
2021-11-27,49592,21782
2021-11-26,49456,21717
2021-11-25,49179,21616
2021-11-24,48828,21499
2021-11-23,48423,21357
2021-11-22,47960,21224
2021-11-21,47529,21049
2021-11-20,47258,20967
2021-11-19,47009,20879
2021-11-18,,
2021-11-17,46244,20610
2021-11-16,45831,20453
2021-11-15,45202,20257
